data;assunto;analista;motivo;status;tipo_evento
2026-04-28 13:59:47.704980;Re: RES: Pedido 531183431 NF  580965;Andreani;Score forte 220;Categorizado;modelo
2026-04-28 13:59:47.768513;RES: Pedido 531183431 NF  580965;Andreani;Score forte 220;Categorizado;modelo
2026-04-28 13:59:47.826337;Informação de novo Recebimento;Andreani;Sem evidência;Categorizado;modelo
2026-04-28 13:59:47.885584;RES: Fwd: Fw: RES: 56627065 - FUND MUNI DE SAUDE DE CASCAVEL;Andreani;Sem evidência;Categorizado;modelo
2026-04-28 13:59:47.933828;RE: Fwd: Fw: RES: 56627065 - FUND MUNI DE SAUDE DE CASCAVEL;Andreani;Sem evidência;Categorizado;modelo
2026-04-28 13:59:47.968194;RE: Fwd: Fw: RES: 56627065 - FUND MUNI DE SAUDE DE CASCAVEL;Andreani;Sem evidência;Categorizado;modelo
2026-04-28 13:59:48.008233;Sua opinião é importante Devolucao Adm! Avalie nosso atendimento!;Andreani;Sem evidência;Categorizado;modelo
2026-04-28 13:59:48.043300;Sua opinião é importante Devolucao Adm! Avalie nosso atendimento!;Andreani;Sem evidência;Categorizado;modelo
2026-04-28 13:59:48.068983;RE: [TICKET#1051531] ENC: PORTAL ENTREGOU / ABBOTT -  10.04.2026;Andreani;Sem evidência;Categorizado;modelo
2026-04-28 13:59:48.102341;Re: ENC: Retirada Periféricos Mogi das Cruzes;Andreani;Score forte 200;Categorizado;modelo
2026-04-28 13:59:48.131332;Re: ENC: Concluído_ Devolução de Equipamento - DB -Sorocaba - Impressora_;Andreani;Score forte 200;Categorizado;modelo
2026-04-28 14:06:55.013790;ENC: MALOTE ABBOTT 27/04/2026 - Gerar Fatura Planta 1524;Andreani;Score forte 220;Categorizado;modelo
2026-04-28 14:06:55.069960;RES: 658108 foi adicionado a Recusas;Edna;Score forte 300;Categorizado;modelo
2026-04-28 15:20:41.726556;RES: Retirada Periféricos Mogi das Cruzes  *** URGENTE ***;Shirley;Score forte 210;Categorizado;modelo
2026-04-28 15:20:41.796414;Re: RES: MALOTE ABBOTT 24/04/2026 - Deliverie p/ ingresso NF. 271739;Andreani;Score forte 200;Categorizado;modelo
2026-04-28 15:20:41.874948;RES: MALOTE ABBOTT 24/04/2026 - Deliverie p/ ingresso NF. 271739;Andreani;Score forte 220;Categorizado;modelo
2026-04-28 15:20:41.954499;RES: RES: RES: RES: ENCAMINHAMENTO DE AF - 149 - SES MG - VALIDADE MEDICAMENTO MALEATO DE FLUVOXAMINA 50MG COMP 30 UNID -;Carolina;Score forte 300;Categorizado;modelo
2026-04-28 15:20:42.034773;RE: Notas AG. D.U 24/04/2026;Edna;Score forte 280;Categorizado;modelo
2026-04-28 15:20:42.104888;Sua opinião é importante Devolucao Adm! Avalie nosso atendimento!;Andreani;Sem evidência;Categorizado;modelo
2026-04-28 15:20:42.189381;Sua opinião é importante Devolucao Adm! Avalie nosso atendimento!;Andreani;Sem evidência;Categorizado;modelo
2026-04-28 15:20:42.269963;Re: RE: MALOTE ABBOTT 24/04/2026 - Deliverie p/ ingresso NF. 271739;Andreani;Score forte 260;Categorizado;modelo
2026-04-28 15:20:42.365094;RE: MALOTE ABBOTT 24/04/2026 - Deliverie p/ ingresso NF. 271739;Andreani;Score forte 220;Categorizado;modelo
2026-04-28 15:20:42.437752;Sua opinião é importante Devolucao Adm! Avalie nosso atendimento!;Andreani;Sem evidência;Categorizado;modelo
2026-04-28 15:20:42.515362;Sua opinião é importante Devolucao Adm! Avalie nosso atendimento!;Andreani;Sem evidência;Categorizado;modelo
2026-04-28 15:20:42.600099;Sua opinião é importante Devolucao Adm! Avalie nosso atendimento!;Andreani;Sem evidência;Categorizado;modelo
2026-04-28 15:20:42.665667;Sua opinião é importante Devolucao Adm! Avalie nosso atendimento!;Andreani;Sem evidência;Categorizado;modelo
2026-04-28 15:21:02.775300;RE: 658108 foi adicionado a Recusas;Edna;Score fraco 300;Categorizado;modelo
2026-04-28 15:21:02.926915;RES: Produtos Avariados - Devolução Abbott NF 577552 - URGENTE;Edna;Score forte 300;Categorizado;modelo
2026-04-28 15:21:03.085245;RES: RES: RES: RES: ENCAMINHAMENTO DE AF - 149 - SES MG - VALIDADE MEDICAMENTO MALEATO DE FLUVOXAMINA 50MG COMP 30 UNID -;Carolina;Score forte 270;Categorizado;modelo
2026-04-28 15:21:03.301157;RES: NF 185733 WISDOM    [ ref:!00D1U0Db5p.!500Pn01OqgzN:ref ];Carolina;Score forte 170;Categorizado;modelo
2026-04-28 15:21:03.387271;Re: RES: NFD 245711 - NFO 477325;Andreani;Score forte 200;Categorizado;modelo
2026-04-28 15:21:03.490277;RES: NFD 245711 - NFO 477325;Carolina;Score forte 300;Categorizado;modelo
2026-04-28 15:21:03.575392;Re: RE: Agenda Abbott - delivery processada.;Andreani;Score forte 200;Categorizado;modelo
2026-04-28 15:21:03.674880;RE: Agenda Abbott - delivery processada.;Elton;Score forte 280;Categorizado;modelo
2026-04-28 15:21:03.754878;Re: RES: MALOTE ABBOTT 24/04/2026 - Deliverie p/ ingresso NF. 271739;Andreani;Score forte 200;Categorizado;modelo
2026-04-28 15:21:03.955132;RES: MALOTE ABBOTT 24/04/2026 - Deliverie p/ ingresso NF. 271739;Andreani;Score forte 220;Categorizado;modelo
2026-04-28 15:21:04.090481;ENC: MALOTE ABBOTT 27/04/2026 - Gerar Fatura Planta 1524;Andreani;Score forte 220;Categorizado;modelo
2026-04-28 15:21:04.169841;RES: 658108 foi adicionado a Recusas;Edna;Score forte 300;Categorizado;modelo
2026-04-28 15:21:04.245989;Re: RES: Pedido 531183431 NF  580965;Andreani;Score forte 220;Categorizado;modelo
2026-04-28 15:21:04.329989;RES: Pedido 531183431 NF  580965;Andreani;Score forte 220;Categorizado;modelo
2026-04-28 15:21:04.398030;Informação de novo Recebimento;Andreani;Sem evidência;Categorizado;modelo
2026-04-28 15:21:04.475537;RES: Fwd: Fw: RES: 56627065 - FUND MUNI DE SAUDE DE CASCAVEL;Andreani;Sem evidência;Categorizado;modelo
2026-04-28 15:21:04.545215;RE: Fwd: Fw: RES: 56627065 - FUND MUNI DE SAUDE DE CASCAVEL;Andreani;Sem evidência;Categorizado;modelo
2026-04-28 15:21:04.621140;RE: Fwd: Fw: RES: 56627065 - FUND MUNI DE SAUDE DE CASCAVEL;Andreani;Sem evidência;Categorizado;modelo
2026-04-28 15:21:04.693554;Sua opinião é importante Devolucao Adm! Avalie nosso atendimento!;Andreani;Sem evidência;Categorizado;modelo
2026-04-28 15:21:04.767131;Sua opinião é importante Devolucao Adm! Avalie nosso atendimento!;Andreani;Sem evidência;Categorizado;modelo
2026-04-28 15:21:04.826765;RE: [TICKET#1051531] ENC: PORTAL ENTREGOU / ABBOTT -  10.04.2026;Andreani;Sem evidência;Categorizado;modelo
2026-04-28 15:21:04.877163;Re: ENC: Retirada Periféricos Mogi das Cruzes;Andreani;Score forte 200;Categorizado;modelo
2026-04-28 15:21:04.925880;Re: ENC: Concluído_ Devolução de Equipamento - DB -Sorocaba - Impressora_;Andreani;Score forte 200;Categorizado;modelo
2026-04-28 15:21:04.991237;Re: RES: ENC: OC 555758/555494 ABBOTT - HPj - FATURAR EM ABRIL;Andreani;Sem evidência;Categorizado;modelo
2026-04-28 15:22:14.489950;RES: Recolhimento e-sales;Carolina;Score fraco 300;Categorizado;modelo
2026-04-28 16:26:04.490893;ENC: MALOTE ABBOTT 24/04/2026 -Gerar fatura NF. 271739;Andreani;Score forte 220;Categorizado;modelo
2026-04-28 16:26:04.540011;RE: COMUNICADO DE ABATIMENTO - ABBOTT_APDR_eEL22697;Edna;Score forte 290;Categorizado;modelo
2026-04-28 16:26:04.579759;RES: AVARIA ABBOTT NF 580504-1 ;Leonardo;Score forte 240;Categorizado;modelo
2026-04-28 16:26:04.634985;RE: COMUNICADO DE ABATIMENTO - ABBOTT_APDR_eEL22697;Edna;Score forte 290;Categorizado;modelo
2026-04-28 16:26:04.686975;RES: RES: RES: RES: ENCAMINHAMENTO DE AF - 149 - SES MG - VALIDADE MEDICAMENTO MALEATO DE FLUVOXAMINA 50MG COMP 30 UNID -;Carolina;Score forte 300;Categorizado;modelo
2026-04-28 16:26:04.749007;Re: RE: NFD 245711 - NFO 477325;Andreani;Score forte 200;Categorizado;modelo
2026-04-28 16:26:04.808992;RE: NFD 245711 - NFO 477325;Carolina;Score forte 300;Categorizado;modelo
2026-04-28 16:26:04.915832;RE: MALOTE ABBOTT 24/04/2026 - Deliverie p/ ingresso NF. 271739;Andreani;Score forte 220;Categorizado;modelo
2026-04-28 16:26:04.955812;Re: RE: MALOTE ABBOTT 24/04/2026 - Deliverie p/ ingresso NF. 271739;Andreani;Score forte 260;Categorizado;modelo
2026-04-28 16:26:05.015111;ENC: MALOTE ABBOTT 27/04/2026 - Gerar Fatura Planta 1524;Andreani;Score forte 220;Categorizado;modelo
2026-04-28 16:26:05.074712;RES: Fwd: Fw: RES: 56627065 - FUND MUNI DE SAUDE DE CASCAVEL;Andreani;Sem evidência;Categorizado;modelo
2026-04-28 16:26:05.135143;RE: Fwd: Fw: RES: 56627065 - FUND MUNI DE SAUDE DE CASCAVEL;Andreani;Sem evidência;Categorizado;modelo
2026-04-28 16:26:05.193416;RE: Fwd: Fw: RES: 56627065 - FUND MUNI DE SAUDE DE CASCAVEL;Andreani;Sem evidência;Categorizado;modelo
2026-04-28 16:26:05.249170;Re: RES: ENC: OC 555758/555494 ABBOTT - HPj - FATURAR EM ABRIL;Andreani;Sem evidência;Categorizado;modelo
2026-04-28 16:27:12.309010;RE: NOTAS DE DEVOLUÇÃO PENDENTES DE COLETA - ABBOTT - DIAGNOCEL 09/04;Carolina;Score forte 270;Categorizado;modelo
2026-04-28 16:27:12.385258;Re: ENC: REEMBOLSO REF. DEVOLUÇÕES DE COMPRAS - UNI HOSPITALAR CEARÁ LTDA - ABBOTT [ ref:!00D1U0Db5p.!500Kk04MQvM:ref ];Carolina;Score fraco 300;Categorizado;modelo
2026-04-28 16:27:12.455073;ENC: MALOTE ABBOTT 24/04/2026 -Gerar fatura NF. 271739;Andreani;Score forte 220;Categorizado;modelo
2026-04-28 16:27:12.522411;RE: COMUNICADO DE ABATIMENTO - ABBOTT_APDR_eEL22697;Edna;Score forte 290;Categorizado;modelo
2026-04-28 16:27:12.568961;RES: AVARIA ABBOTT NF 580504-1 ;Leonardo;Score forte 240;Categorizado;modelo
2026-04-28 16:27:12.619393;RE: COMUNICADO DE ABATIMENTO - ABBOTT_APDR_eEL22697;Edna;Score forte 290;Categorizado;modelo
2026-04-28 16:27:12.670018;RES: RES: RES: RES: ENCAMINHAMENTO DE AF - 149 - SES MG - VALIDADE MEDICAMENTO MALEATO DE FLUVOXAMINA 50MG COMP 30 UNID -;Carolina;Score forte 300;Categorizado;modelo
2026-04-28 16:27:12.715174;Re: RE: NFD 245711 - NFO 477325;Andreani;Score forte 200;Categorizado;modelo
2026-04-28 16:27:12.754640;RE: NFD 245711 - NFO 477325;Carolina;Score forte 300;Categorizado;modelo
2026-04-28 16:27:12.802604;RE: MALOTE ABBOTT 24/04/2026 - Deliverie p/ ingresso NF. 271739;Andreani;Score forte 220;Categorizado;modelo
2026-04-28 16:27:12.853213;Re: RE: MALOTE ABBOTT 24/04/2026 - Deliverie p/ ingresso NF. 271739;Andreani;Score forte 260;Categorizado;modelo
2026-04-28 16:27:12.924305;ENC: MALOTE ABBOTT 27/04/2026 - Gerar Fatura Planta 1524;Andreani;Score forte 220;Categorizado;modelo
2026-04-28 16:27:12.995111;RES: Fwd: Fw: RES: 56627065 - FUND MUNI DE SAUDE DE CASCAVEL;Andreani;Sem evidência;Categorizado;modelo
2026-04-28 16:27:13.046654;RE: Fwd: Fw: RES: 56627065 - FUND MUNI DE SAUDE DE CASCAVEL;Andreani;Sem evidência;Categorizado;modelo
2026-04-28 16:27:13.078783;RE: Fwd: Fw: RES: 56627065 - FUND MUNI DE SAUDE DE CASCAVEL;Andreani;Sem evidência;Categorizado;modelo
2026-04-28 16:27:13.110681;Re: RES: ENC: OC 555758/555494 ABBOTT - HPj - FATURAR EM ABRIL;Andreani;Sem evidência;Categorizado;modelo
2026-04-28 16:29:25.817028;RE: NOTAS DE DEVOLUÇÃO PENDENTES DE COLETA - ABBOTT - DIAGNOCEL 09/04;Carolina;Score forte 270;Categorizado;modelo
2026-04-28 16:29:25.924962;Re: ENC: REEMBOLSO REF. DEVOLUÇÕES DE COMPRAS - UNI HOSPITALAR CEARÁ LTDA - ABBOTT [ ref:!00D1U0Db5p.!500Kk04MQvM:ref ];Carolina;Score fraco 300;Categorizado;modelo
2026-04-28 16:29:26.041177;ENC: MALOTE ABBOTT 24/04/2026 -Gerar fatura NF. 271739;Andreani;Score forte 220;Categorizado;modelo
2026-04-28 16:29:26.134100;RE: COMUNICADO DE ABATIMENTO - ABBOTT_APDR_eEL22697;Edna;Score forte 290;Categorizado;modelo
2026-04-28 16:29:26.207070;RES: AVARIA ABBOTT NF 580504-1 ;Leonardo;Score forte 240;Categorizado;modelo
2026-04-28 16:29:26.283707;RE: COMUNICADO DE ABATIMENTO - ABBOTT_APDR_eEL22697;Edna;Score forte 290;Categorizado;modelo
2026-04-28 16:29:26.339874;RES: RES: RES: RES: ENCAMINHAMENTO DE AF - 149 - SES MG - VALIDADE MEDICAMENTO MALEATO DE FLUVOXAMINA 50MG COMP 30 UNID -;Carolina;Score forte 300;Categorizado;modelo
2026-04-28 16:29:26.390247;Re: RE: NFD 245711 - NFO 477325;Andreani;Score forte 200;Categorizado;modelo
2026-04-28 16:29:26.435601;RE: NFD 245711 - NFO 477325;Carolina;Score forte 300;Categorizado;modelo
2026-04-28 16:29:26.485960;RE: MALOTE ABBOTT 24/04/2026 - Deliverie p/ ingresso NF. 271739;Andreani;Score forte 220;Categorizado;modelo
2026-04-28 16:29:26.527101;Re: RE: MALOTE ABBOTT 24/04/2026 - Deliverie p/ ingresso NF. 271739;Andreani;Score forte 260;Categorizado;modelo
2026-04-28 16:29:26.557094;ENC: MALOTE ABBOTT 27/04/2026 - Gerar Fatura Planta 1524;Andreani;Score forte 220;Categorizado;modelo
2026-04-28 16:29:26.603756;RES: Fwd: Fw: RES: 56627065 - FUND MUNI DE SAUDE DE CASCAVEL;Andreani;Sem evidência;Categorizado;modelo
2026-04-28 16:29:26.641084;RE: Fwd: Fw: RES: 56627065 - FUND MUNI DE SAUDE DE CASCAVEL;Andreani;Sem evidência;Categorizado;modelo
2026-04-28 16:29:26.677062;RE: Fwd: Fw: RES: 56627065 - FUND MUNI DE SAUDE DE CASCAVEL;Andreani;Sem evidência;Categorizado;modelo
2026-04-28 16:29:26.706952;Re: RES: ENC: OC 555758/555494 ABBOTT - HPj - FATURAR EM ABRIL;Andreani;Sem evidência;Categorizado;modelo
2026-04-28 16:33:10.062335;RES: AVARIA ABBOTT NF 580504-1 ;Leonardo;Score forte 240;Categorizado;modelo
2026-04-28 16:34:07.982904;RES: AVARIA ABBOTT NF 580504-1 ;Leonardo;Score forte 240;Categorizado;modelo
2026-04-28 16:38:09.519702;RES: AVARIA ABBOTT NF 580504-1 ;Leonardo;Score forte 240;Categorizado;modelo
2026-04-28 16:40:39.569537;RES: RES: NF 185733 WISDOM    [ ref:!00D1U0Db5p.!500Pn01OqgzN:ref ];Carolina;Score forte 150;Categorizado;modelo
2026-04-28 16:40:39.655452;RE: NOTAS DE DEVOLUÇÃO PENDENTES DE COLETA - ABBOTT - DIAGNOCEL 09/04;Carolina;Score forte 270;Categorizado;modelo
2026-04-28 16:40:39.745913;Re: ENC: REEMBOLSO REF. DEVOLUÇÕES DE COMPRAS - UNI HOSPITALAR CEARÁ LTDA - ABBOTT [ ref:!00D1U0Db5p.!500Kk04MQvM:ref ];Carolina;Score fraco 300;Categorizado;modelo
2026-04-28 16:40:39.815551;ENC: MALOTE ABBOTT 24/04/2026 -Gerar fatura NF. 271739;Andreani;Score forte 220;Categorizado;modelo
2026-04-28 16:40:39.885420;RE: COMUNICADO DE ABATIMENTO - ABBOTT_APDR_eEL22697;Edna;Score forte 290;Categorizado;modelo
2026-04-28 16:40:39.945443;RES: AVARIA ABBOTT NF 580504-1 ;Leonardo;Score forte 240;Categorizado;modelo
2026-04-28 16:40:40.025237;RE: COMUNICADO DE ABATIMENTO - ABBOTT_APDR_eEL22697;Edna;Score forte 290;Categorizado;modelo
2026-04-28 16:40:40.095446;RES: RES: RES: RES: ENCAMINHAMENTO DE AF - 149 - SES MG - VALIDADE MEDICAMENTO MALEATO DE FLUVOXAMINA 50MG COMP 30 UNID -;Carolina;Score forte 300;Categorizado;modelo
2026-04-28 16:40:40.170663;Re: RE: NFD 245711 - NFO 477325;Andreani;Score forte 200;Categorizado;modelo
2026-04-28 16:40:40.235437;RE: NFD 245711 - NFO 477325;Carolina;Score forte 300;Categorizado;modelo
2026-04-28 16:40:40.311932;RE: MALOTE ABBOTT 24/04/2026 - Deliverie p/ ingresso NF. 271739;Andreani;Score forte 220;Categorizado;modelo
2026-04-28 16:40:40.355682;Re: RE: MALOTE ABBOTT 24/04/2026 - Deliverie p/ ingresso NF. 271739;Andreani;Score forte 260;Categorizado;modelo
2026-04-28 16:40:40.406311;ENC: MALOTE ABBOTT 27/04/2026 - Gerar Fatura Planta 1524;Andreani;Score forte 220;Categorizado;modelo
2026-04-28 16:40:40.472953;RES: Fwd: Fw: RES: 56627065 - FUND MUNI DE SAUDE DE CASCAVEL;Andreani;Sem evidência;Categorizado;modelo
2026-04-28 16:40:40.525244;RE: Fwd: Fw: RES: 56627065 - FUND MUNI DE SAUDE DE CASCAVEL;Andreani;Sem evidência;Categorizado;modelo
2026-04-28 16:40:40.555229;RE: Fwd: Fw: RES: 56627065 - FUND MUNI DE SAUDE DE CASCAVEL;Andreani;Sem evidência;Categorizado;modelo
2026-04-28 16:40:40.605574;Re: RES: ENC: OC 555758/555494 ABBOTT - HPj - FATURAR EM ABRIL;Andreani;Sem evidência;Categorizado;modelo
2026-04-28 16:54:55.927902;Re: ENC: REEMBOLSO REF. DEVOLUÇÕES DE COMPRAS - UNI HOSPITALAR CEARÁ LTDA - ABBOTT [ ref:!00D1U0Db5p.!500Kk04MQvM:ref ];Carolina;Score fraco 290;Categorizado;modelo
2026-04-28 16:54:55.992855;Danfe referente a NF: 35260405782733000220550020000076351012344280;Andreani;Sem evidência;Categorizado;modelo
2026-04-28 16:54:56.072868;ENC: MALOTE ABBOTT 24/04/2026 -Gerar fatura NF. 271739;Andreani;Score forte 220;Categorizado;modelo
2026-04-28 16:54:56.143247;RES: AVARIA ABBOTT NF 580504-1 ;Leonardo;Score forte 240;Categorizado;modelo
2026-04-28 16:54:56.222883;ENC: MALOTE ABBOTT 27/04/2026 - Gerar Fatura Planta 1524;Andreani;Score forte 220;Categorizado;modelo
2026-04-28 16:54:56.303470;RES: Fwd: Fw: RES: 56627065 - FUND MUNI DE SAUDE DE CASCAVEL;Andreani;Sem evidência;Categorizado;modelo
2026-04-28 16:54:56.385069;RE: Fwd: Fw: RES: 56627065 - FUND MUNI DE SAUDE DE CASCAVEL;Andreani;Sem evidência;Categorizado;modelo
2026-04-28 16:54:56.462906;RE: Fwd: Fw: RES: 56627065 - FUND MUNI DE SAUDE DE CASCAVEL;Andreani;Sem evidência;Categorizado;modelo
2026-04-28 16:54:56.568094;Re: RES: ENC: OC 555758/555494 ABBOTT - HPj - FATURAR EM ABRIL;Andreani;Sem evidência;Categorizado;modelo
2026-04-28 16:56:46.832987;RES: AVARIA ABBOTT NF 580504-1 ;Leonardo;Score forte 240;Categorizado;modelo
2026-04-28 17:03:49.759914;Danfe referente a NF: 43260405782733000149550010002190621012344365;Andreani;Sem evidência;Categorizado;modelo
2026-04-28 17:03:49.795484;Danfe referente a NF: 43260405782733000149550010002190631012344370;Andreani;Sem evidência;Categorizado;modelo
2026-04-28 17:03:49.835188;RES: AVARIA ABBOTT NF 580504-1 ;Leonardo;Score forte 240;Categorizado;modelo
2026-04-28 17:03:49.875940;RES: Fwd: Fw: RES: 56627065 - FUND MUNI DE SAUDE DE CASCAVEL;Andreani;Sem evidência;Categorizado;modelo
2026-04-28 17:03:49.925604;RE: Fwd: Fw: RES: 56627065 - FUND MUNI DE SAUDE DE CASCAVEL;Andreani;Sem evidência;Categorizado;modelo
2026-04-28 17:03:49.985575;RE: Fwd: Fw: RES: 56627065 - FUND MUNI DE SAUDE DE CASCAVEL;Andreani;Sem evidência;Categorizado;modelo
2026-04-28 17:03:50.020748;Re: RES: ENC: OC 555758/555494 ABBOTT - HPj - FATURAR EM ABRIL;Andreani;Sem evidência;Categorizado;modelo
2026-04-28 17:12:59.732755;RES: DASHBOARD 28/04/2026 - Retorno de ordens planta 1524;Andreani;Score fraco 220;Categorizado;modelo
2026-04-28 17:21:10.082738;RE: [Ação Requerida] - Solicitação de upload de NFD;Carolina;Score forte 300;Categorizado;modelo
2026-04-29 08:21:07.801629;RES: 124  NTH FORTALEZA - RECUSA ABBOTT 188786;Edna;Score fraco 100;Categorizado;modelo
2026-04-29 08:21:07.951365;Re: RE: DASHBOARD 28/04/2026 - Retorno de ordens planta 1524;Andreani;Score forte 260;Categorizado;modelo
2026-04-29 08:21:08.077798;RE: DASHBOARD 28/04/2026 - Retorno de ordens planta 1524;Andreani;Score fraco 220;Categorizado;modelo
2026-04-29 08:21:08.205248;Re: RE: Processo troca em garantia Mouse  URGENTE;Andreani;Score forte 200;Categorizado;modelo
2026-04-29 08:21:08.325913;RE: Processo troca em garantia Mouse  URGENTE ;Cleberson;Score forte 210;Categorizado;modelo
2026-04-29 08:21:08.448551;SANTA CRUZ – ABATIMENTO NO ATO – ABBOTT 29/04/2026;Edna;Score forte 120;Categorizado;modelo
2026-04-29 08:21:08.560977;PANPHARMA – ABATIMENTO NO ATO – ABBOTT 29/04/2026;Edna;Score forte 120;Categorizado;modelo
2026-04-29 08:21:08.699824;Fw: Aplicação Crédito  04899316034284   APDR_eRS87301 05/03/2026 IMIFARMA PROD FARM E COSMETICOS SA;Edna;Score forte 300;Categorizado;modelo
2026-04-29 08:21:08.845687;Re: ENC: REEMBOLSO REF. DEVOLUÇÕES DE COMPRAS - UNI HOSPITALAR CEARÁ LTDA - ABBOTT [ ref:!00D1U0Db5p.!500Kk04MQvM:ref ];Carolina;Score fraco 300;Categorizado;modelo
2026-04-29 08:21:08.948105;Re: ENC: REEMBOLSO REF. DEVOLUÇÕES DE COMPRAS - UNI HOSPITALAR CEARÁ LTDA - ABBOTT [ ref:!00D1U0Db5p.!500Kk04MQvM:ref ];Carolina;Score fraco 290;Categorizado;modelo
2026-04-29 08:21:09.060473;RE: PORTAL ABBOTT;Edna;Score forte 300;Categorizado;modelo
2026-04-29 08:21:09.148212;Re: RES: SH: Reversa 000840 HC São Paulo IDs 1283 1284 1285;Andreani;Score forte 200;Categorizado;modelo
2026-04-29 08:21:09.227473;RES: SH: Reversa 000840 HC São Paulo IDs 1283 1284 1285;Cleberson;Score forte 300;Categorizado;modelo
2026-04-29 08:21:09.300427;Re: RE: SH: Reversa 000840 HC São Paulo IDs 1283 1284 1285;Andreani;Score forte 200;Categorizado;modelo
2026-04-29 08:21:09.378022;RE: SH: Reversa 000840 HC São Paulo IDs 1283 1284 1285;Cleberson;Score forte 300;Categorizado;modelo
2026-04-29 09:11:53.139249;Re: RE: CRA RECUSA/ DEVOLUÇÃO ADD/AMD NF:188197/188707.;Andreani;Score forte 200;Categorizado;modelo
2026-04-29 09:11:53.225829;RE: CRA RECUSA/ DEVOLUÇÃO ADD/AMD NF:188197/188707.;Elton;Score fraco 300;Categorizado;modelo
2026-04-29 09:11:53.282397;RES: RES: RES: RES: ENCAMINHAMENTO DE AF - 149 - SES MG - VALIDADE MEDICAMENTO MALEATO DE FLUVOXAMINA 50MG COMP 30 UNID -;Carolina;Score forte 300;Categorizado;modelo
2026-04-29 09:11:53.367843;RES: RES: RES: RES: ENCAMINHAMENTO DE AF - 149 - SES MG - VALIDADE MEDICAMENTO MALEATO DE FLUVOXAMINA 50MG COMP 30 UNID -;Carolina;Score forte 270;Categorizado;modelo
2026-04-29 09:11:53.425882;Status Devolução / Recusa ABBOTT (ADD/AMD/ADC) - 28/ABRIL/2026.;Edna;Score forte 160;Categorizado;modelo
2026-04-29 09:11:53.489193;CRA RECUSA/DEVOLUÇÃO ADC NF:178954 - FALTAS E SOBRAS.;Elton;Score forte 210;Categorizado;modelo
2026-04-29 09:11:53.534838;CRA RECUSA/DEVOLUÇÃO ADC NF: 271612 - AVARIAS: CAIXAS AMASSADAS/RASGADAS.;Elton;Score forte 210;Categorizado;modelo
2026-04-29 09:11:53.583844;Re: Notas sem informações;Andreani;Score forte 200;Categorizado;modelo
2026-04-29 09:11:53.633974;Notas sem informações;Elton;Score forte 220;Categorizado;modelo
2026-04-29 09:11:53.684219;CRA RECUSA/DEVOLUÇÃO ADC NF:183596 - AVARIAS: CAIXAS AMASSADAS.;Elton;Score forte 210;Categorizado;modelo
2026-04-29 09:11:53.750387;CRA RECUSA/DEVOLUÇÃO ADC NF:202211/183396 - VPC.;Elton;Score forte 210;Categorizado;modelo
2026-04-29 09:11:53.809510;RE: Recolhimento e-sales;Carolina;Score fraco 300;Categorizado;modelo
2026-04-29 10:56:29.652453;RES: Solicitação de coleta ANI 6368;Carolina;Score forte 270;Categorizado;modelo
2026-04-29 10:56:29.710441;RES: Solicitação de coleta ANI 6368;Carolina;Score forte 270;Categorizado;modelo
2026-04-29 10:56:29.767076;RES: Fwd: Empenho 2025NE000833 HU-HUMAP/UFMS [ ref:!00D1U0Db5p.!500Pn01MT6GF:ref ];Carolina;Score forte 270;Categorizado;modelo
2026-04-29 10:56:29.828861;Devolução - Avaria / Abbott 579946;Edna;Score fraco 60;Categorizado;modelo
2026-04-29 10:56:29.883662;RE: TRACKING DE DEVOLUÇÃO ABBOTT;Shirley;Score forte 210;Categorizado;modelo
2026-04-29 10:56:29.937708;RES: Fwd: Fw: RES: 56627065 - FUND MUNI DE SAUDE DE CASCAVEL;;Humano removeu categoria;Erro;correcao_humana
2026-04-29 10:56:29.953823;RE: Fwd: Fw: RES: 56627065 - FUND MUNI DE SAUDE DE CASCAVEL;;Humano removeu categoria;Erro;correcao_humana
2026-04-29 10:56:29.953823;RE: Fwd: Fw: RES: 56627065 - FUND MUNI DE SAUDE DE CASCAVEL;;Humano removeu categoria;Erro;correcao_humana
2026-04-29 10:56:29.972746;Re: RES: ENC: OC 555758/555494 ABBOTT - HPj - FATURAR EM ABRIL;;Humano removeu categoria;Erro;correcao_humana
2026-04-29 10:58:41.537324;RES: Solicitação de coleta ANI 6368;;Humano removeu categoria;Erro;correcao_humana
2026-04-29 10:58:41.554719;RES: Solicitação de coleta ANI 6368;;Humano removeu categoria;Erro;correcao_humana
2026-04-29 10:58:41.555718;RES: Fwd: Empenho 2025NE000833 HU-HUMAP/UFMS [ ref:!00D1U0Db5p.!500Pn01MT6GF:ref ];;Humano removeu categoria;Erro;correcao_humana
2026-04-29 10:58:41.571418;Devolução - Avaria / Abbott 579946;;Humano removeu categoria;Erro;correcao_humana
2026-04-29 10:58:41.574925;RE: TRACKING DE DEVOLUÇÃO ABBOTT;;Humano removeu categoria;Erro;correcao_humana
2026-04-29 10:58:41.590878;RES: Fwd: Fw: RES: 56627065 - FUND MUNI DE SAUDE DE CASCAVEL;;Humano removeu categoria;Erro;correcao_humana
2026-04-29 10:58:41.603662;RE: Fwd: Fw: RES: 56627065 - FUND MUNI DE SAUDE DE CASCAVEL;;Humano removeu categoria;Erro;correcao_humana
2026-04-29 10:58:41.607657;RE: Fwd: Fw: RES: 56627065 - FUND MUNI DE SAUDE DE CASCAVEL;;Humano removeu categoria;Erro;correcao_humana
2026-04-29 10:58:41.626217;Re: RES: ENC: OC 555758/555494 ABBOTT - HPj - FATURAR EM ABRIL;;Humano removeu categoria;Erro;correcao_humana
2026-04-29 11:00:05.749147;RES: Fwd: Empenho 2025NE000833 HU-HUMAP/UFMS [ ref:!00D1U0Db5p.!500Pn01MT6GF:ref ];Carolina;Sem intervenção;Correto;modelo
2026-04-29 11:00:05.754289;Devolução - Avaria / Abbott 579946;Edna;Sem intervenção;Correto;modelo
2026-04-29 11:00:05.768995;RE: TRACKING DE DEVOLUÇÃO ABBOTT;Shirley;Sem intervenção;Correto;modelo
2026-04-29 11:00:05.782787;RES: Fwd: Fw: RES: 56627065 - FUND MUNI DE SAUDE DE CASCAVEL;;Humano removeu categoria;Erro;correcao_humana
2026-04-29 11:00:05.800685;RE: Fwd: Fw: RES: 56627065 - FUND MUNI DE SAUDE DE CASCAVEL;;Humano removeu categoria;Erro;correcao_humana
2026-04-29 11:00:05.817018;RE: Fwd: Fw: RES: 56627065 - FUND MUNI DE SAUDE DE CASCAVEL;;Humano removeu categoria;Erro;correcao_humana
2026-04-29 11:00:05.835716;Re: RES: ENC: OC 555758/555494 ABBOTT - HPj - FATURAR EM ABRIL;;Humano removeu categoria;Erro;correcao_humana
2026-04-29 12:43:45.672998;Re: ENC: CRA RECUSA/ DEVOLUÇÃO ADD/AMD NF:185934 - AVARIA: CAIXAS AMASSADAS/RASGADAS E MANCHADAS.;Andreani;Score forte 200;Categorizado;modelo
2026-04-29 12:43:45.730610;Re: ENC: CRA RECUSA/ DEVOLUÇÃO ADD/AMD NF:185934 - AVARIA: CAIXAS AMASSADAS/RASGADAS E MANCHADAS.;Andreani;Score forte 200;Categorizado;modelo
2026-04-29 12:43:45.791927;ENC: CRA RECUSA/ DEVOLUÇÃO ADD/AMD NF:185934 - AVARIA: CAIXAS AMASSADAS/RASGADAS E MANCHADAS.;Elton;Score fraco 300;Categorizado;modelo
2026-04-29 12:43:45.848014; TRACKING  ABBOTT- COLETA REVERSA E DEVOLUÇÃO   29/04/2026;Cleberson;Score fraco 80;Categorizado;modelo
2026-04-29 12:43:45.906150;Nova solicitação no sharepoint;Andreani;Sem evidência;Categorizado;modelo
2026-04-29 12:43:45.966667;NF-e 948753 - RBG - PRODUTOS THERAPEUTICOS S/A;Andreani;Sem evidência;Categorizado;modelo
2026-04-29 12:43:46.025320;Re: Acompanhamento - Processos prioritarios -Bomi Itajaí - ATA;Andreani;Score forte 200;Categorizado;modelo
2026-04-29 12:43:46.135825;Acompanhamento - Processos prioritarios -Bomi Itajaí - ATA;Edna;Score forte 280;Categorizado;modelo
2026-04-29 12:43:46.197518;ABBOTT: AVARIA - NAZARIA BAHIA - NFO: 580269;Andreani;Sem evidência;Categorizado;modelo
2026-04-29 12:43:46.250953;RES: RES: NF 185733 WISDOM    [ ref:!00D1U0Db5p.!500Pn01OqgzN:ref ];Carolina;Score forte 150;Categorizado;modelo
2026-04-29 12:43:46.296997;RES: Solicitação de coleta ANI 6368;;Aprendido: não categorizar;Sem categoria;aprendizado
2026-04-29 12:43:46.312049;PENDENCIAS DE COLETA ATUALIZADAS TRAGETTA;Andreani;Sem evidência;Categorizado;modelo
2026-04-29 12:43:46.350223;RES: Solicitação de coleta ANI 6368;;Aprendido: não categorizar;Sem categoria;aprendizado
2026-04-29 12:43:46.350223;RES: Solicitação de coleta ANI 6368;;Aprendido: não categorizar;Sem categoria;aprendizado
2026-04-29 12:43:46.373634;RES: Fwd: Empenho 2025NE000833 HU-HUMAP/UFMS [ ref:!00D1U0Db5p.!500Pn01MT6GF:ref ];;Humano removeu categoria;Erro;correcao_humana
2026-04-29 12:43:46.382899;Devolução - Avaria / Abbott 579946;;Humano removeu categoria;Erro;correcao_humana
2026-04-29 12:43:46.391903;RE: TRACKING DE DEVOLUÇÃO ABBOTT;;Humano removeu categoria;Erro;correcao_humana
2026-04-29 12:43:46.402314;RES: Fwd: Fw: RES: 56627065 - FUND MUNI DE SAUDE DE CASCAVEL;;Humano removeu categoria;Erro;correcao_humana
2026-04-29 12:43:46.405748;RE: Fwd: Fw: RES: 56627065 - FUND MUNI DE SAUDE DE CASCAVEL;;Humano removeu categoria;Erro;correcao_humana
2026-04-29 12:43:46.421616;RE: Fwd: Fw: RES: 56627065 - FUND MUNI DE SAUDE DE CASCAVEL;;Humano removeu categoria;Erro;correcao_humana
2026-04-29 12:43:46.432595;Re: RES: ENC: OC 555758/555494 ABBOTT - HPj - FATURAR EM ABRIL;;Humano removeu categoria;Erro;correcao_humana
2026-04-29 14:04:53.194255;RES: OCORRÊNCIA  NF 190075-FUNDO MUNICIPAL DE SAUDE DE FLORIAN FLORIANOPOLIS - SC;Andreani;Sem evidência;Categorizado;modelo
2026-04-29 14:04:53.289264;ENC: DPSP - NF 189494 / 189508 - Barrar entrega - URGENTE ;Andreani;Sem evidência;Categorizado;modelo
2026-04-29 14:04:53.356227;RE: PENDENCIAS DE COLETA ATUALIZADAS TRAGETTA;Andreani;Sem evidência;Categorizado;modelo
2026-04-29 14:04:53.421179;ABBOTT: AVARIA - NAZARIA BAHIA - NFO: 580078;Andreani;Sem evidência;Categorizado;modelo
2026-04-29 14:04:53.513370;DPSP - NF 189494 / 189508 - Barrar entrega - URGENTE ;Andreani;Sem evidência;Categorizado;modelo
2026-04-29 14:04:53.556167;Re: ENC: CRA RECUSA/ DEVOLUÇÃO ADD/AMD NF:185934 - AVARIA: CAIXAS AMASSADAS/RASGADAS E MANCHADAS.;Andreani;Sem intervenção;Correto;modelo
2026-04-29 14:04:53.574451;Re: ENC: CRA RECUSA/ DEVOLUÇÃO ADD/AMD NF:185934 - AVARIA: CAIXAS AMASSADAS/RASGADAS E MANCHADAS.;Andreani;Sem intervenção;Correto;modelo
2026-04-29 14:04:53.585442;ENC: CRA RECUSA/ DEVOLUÇÃO ADD/AMD NF:185934 - AVARIA: CAIXAS AMASSADAS/RASGADAS E MANCHADAS.;Elton;Sem intervenção;Correto;modelo
2026-04-29 14:04:53.598174; TRACKING  ABBOTT- COLETA REVERSA E DEVOLUÇÃO   29/04/2026;Cleberson;Sem intervenção;Correto;modelo
2026-04-29 14:04:53.605366;Nova solicitação no sharepoint;Andreani;Sem intervenção;Correto;modelo
2026-04-29 14:04:53.621812;NF-e 948753 - RBG - PRODUTOS THERAPEUTICOS S/A;Andreani;Sem intervenção;Correto;modelo
2026-04-29 14:04:53.636831;Re: Acompanhamento - Processos prioritarios -Bomi Itajaí - ATA;Andreani;Sem intervenção;Correto;modelo
2026-04-29 14:04:53.685525;Acompanhamento - Processos prioritarios -Bomi Itajaí - ATA;Edna;Sem intervenção;Correto;modelo
2026-04-29 14:04:53.701476;ABBOTT: AVARIA - NAZARIA BAHIA - NFO: 580269;Andreani;Sem intervenção;Correto;modelo
2026-04-29 14:04:53.731764;RES: RES: NF 185733 WISDOM    [ ref:!00D1U0Db5p.!500Pn01OqgzN:ref ];Carolina;Sem intervenção;Correto;modelo
2026-04-29 14:04:53.747413;RES: Solicitação de coleta ANI 6368;;Humano removeu categoria;Erro;correcao_humana
2026-04-29 14:04:53.763891;PENDENCIAS DE COLETA ATUALIZADAS TRAGETTA;Andreani;Sem intervenção;Correto;modelo
2026-04-29 14:04:53.775996;RES: Solicitação de coleta ANI 6368;;Humano removeu categoria;Erro;correcao_humana
2026-04-29 14:04:53.792141;RES: Solicitação de coleta ANI 6368;;Humano removeu categoria;Erro;correcao_humana
2026-04-29 14:04:53.805661;RES: Fwd: Empenho 2025NE000833 HU-HUMAP/UFMS [ ref:!00D1U0Db5p.!500Pn01MT6GF:ref ];;Humano removeu categoria;Erro;correcao_humana
2026-04-29 14:04:53.819657;Devolução - Avaria / Abbott 579946;;Humano removeu categoria;Erro;correcao_humana
2026-04-29 14:04:53.823702;RE: TRACKING DE DEVOLUÇÃO ABBOTT;Shirley;Sem intervenção;Correto;modelo
2026-04-29 14:04:53.841441;RES: Fwd: Fw: RES: 56627065 - FUND MUNI DE SAUDE DE CASCAVEL;;Humano removeu categoria;Erro;correcao_humana
2026-04-29 14:04:53.854939;RE: Fwd: Fw: RES: 56627065 - FUND MUNI DE SAUDE DE CASCAVEL;;Humano removeu categoria;Erro;correcao_humana
2026-04-29 14:04:53.872395;RE: Fwd: Fw: RES: 56627065 - FUND MUNI DE SAUDE DE CASCAVEL;;Humano removeu categoria;Erro;correcao_humana
2026-04-29 14:04:53.888756;Re: RES: ENC: OC 555758/555494 ABBOTT - HPj - FATURAR EM ABRIL;;Humano removeu categoria;Erro;correcao_humana
2026-04-29 14:05:49.302446;RES: OCORRÊNCIA  NF 190075-FUNDO MUNICIPAL DE SAUDE DE FLORIAN FLORIANOPOLIS - SC;Andreani;Sem intervenção;Correto;modelo
2026-04-29 14:05:49.320752;ENC: DPSP - NF 189494 / 189508 - Barrar entrega - URGENTE ;Andreani;Sem intervenção;Correto;modelo
2026-04-29 14:05:49.338493;RE: PENDENCIAS DE COLETA ATUALIZADAS TRAGETTA;Andreani;Sem intervenção;Correto;modelo
2026-04-29 14:05:49.355987;ABBOTT: AVARIA - NAZARIA BAHIA - NFO: 580078;Andreani;Sem intervenção;Correto;modelo
2026-04-29 14:05:49.372257;DPSP - NF 189494 / 189508 - Barrar entrega - URGENTE ;Andreani;Sem intervenção;Correto;modelo
2026-04-29 14:05:49.385727;Re: ENC: CRA RECUSA/ DEVOLUÇÃO ADD/AMD NF:185934 - AVARIA: CAIXAS AMASSADAS/RASGADAS E MANCHADAS.;Andreani;Sem intervenção;Correto;modelo
2026-04-29 14:05:49.385727;Re: ENC: CRA RECUSA/ DEVOLUÇÃO ADD/AMD NF:185934 - AVARIA: CAIXAS AMASSADAS/RASGADAS E MANCHADAS.;Andreani;Sem intervenção;Correto;modelo
2026-04-29 14:05:49.402441;ENC: CRA RECUSA/ DEVOLUÇÃO ADD/AMD NF:185934 - AVARIA: CAIXAS AMASSADAS/RASGADAS E MANCHADAS.;Elton;Sem intervenção;Correto;modelo
2026-04-29 14:05:49.402441; TRACKING  ABBOTT- COLETA REVERSA E DEVOLUÇÃO   29/04/2026;Cleberson;Sem intervenção;Correto;modelo
2026-04-29 14:05:49.418985;Nova solicitação no sharepoint;Andreani;Sem intervenção;Correto;modelo
2026-04-29 14:05:49.418985;NF-e 948753 - RBG - PRODUTOS THERAPEUTICOS S/A;Andreani;Sem intervenção;Correto;modelo
2026-04-29 14:05:49.437085;Re: Acompanhamento - Processos prioritarios -Bomi Itajaí - ATA;Andreani;Sem intervenção;Correto;modelo
2026-04-29 14:05:49.452420;Acompanhamento - Processos prioritarios -Bomi Itajaí - ATA;Edna;Sem intervenção;Correto;modelo
2026-04-29 14:05:49.452420;ABBOTT: AVARIA - NAZARIA BAHIA - NFO: 580269;Andreani;Sem intervenção;Correto;modelo
2026-04-29 14:05:49.469345;RES: RES: NF 185733 WISDOM    [ ref:!00D1U0Db5p.!500Pn01OqgzN:ref ];Carolina;Sem intervenção;Correto;modelo
2026-04-29 14:05:49.469345;PENDENCIAS DE COLETA ATUALIZADAS TRAGETTA;Andreani;Sem intervenção;Correto;modelo
2026-04-29 14:05:49.485633;RES: Fwd: Empenho 2025NE000833 HU-HUMAP/UFMS [ ref:!00D1U0Db5p.!500Pn01MT6GF:ref ];Carolina;Sem intervenção;Correto;modelo
2026-04-29 14:05:49.485633;Devolução - Avaria / Abbott 579946;Edna;Sem intervenção;Correto;modelo
2026-04-29 14:05:49.502548;RE: TRACKING DE DEVOLUÇÃO ABBOTT;Shirley;Sem intervenção;Correto;modelo
2026-04-29 14:05:49.502548;RES: Fwd: Fw: RES: 56627065 - FUND MUNI DE SAUDE DE CASCAVEL;;Humano removeu categoria;Erro;correcao_humana
2026-04-29 14:05:49.520072;RE: Fwd: Fw: RES: 56627065 - FUND MUNI DE SAUDE DE CASCAVEL;;Humano removeu categoria;Erro;correcao_humana
2026-04-29 14:05:49.538705;RE: Fwd: Fw: RES: 56627065 - FUND MUNI DE SAUDE DE CASCAVEL;;Humano removeu categoria;Erro;correcao_humana
2026-04-29 14:05:49.543482;Re: RES: ENC: OC 555758/555494 ABBOTT - HPj - FATURAR EM ABRIL;;Humano removeu categoria;Erro;correcao_humana
2026-04-29 14:07:01.206266;RES: OCORRÊNCIA  NF 190075-FUNDO MUNICIPAL DE SAUDE DE FLORIAN FLORIANOPOLIS - SC;Andreani;Sem intervenção;Correto;modelo
2026-04-29 14:07:01.253819;ENC: DPSP - NF 189494 / 189508 - Barrar entrega - URGENTE ;Andreani;Sem intervenção;Correto;modelo
2026-04-29 14:07:01.307065;RE: PENDENCIAS DE COLETA ATUALIZADAS TRAGETTA;Andreani;Sem intervenção;Correto;modelo
2026-04-29 14:07:01.338154;ABBOTT: AVARIA - NAZARIA BAHIA - NFO: 580078;Andreani;Sem intervenção;Correto;modelo
2026-04-29 14:07:01.350623;DPSP - NF 189494 / 189508 - Barrar entrega - URGENTE ;Andreani;Sem intervenção;Correto;modelo
2026-04-29 14:07:01.366672; TRACKING  ABBOTT- COLETA REVERSA E DEVOLUÇÃO   29/04/2026;Cleberson;Sem intervenção;Correto;modelo
2026-04-29 14:07:01.384227;NF-e 948753 - RBG - PRODUTOS THERAPEUTICOS S/A;Andreani;Sem intervenção;Correto;modelo
2026-04-29 14:07:01.385979;Acompanhamento - Processos prioritarios -Bomi Itajaí - ATA;Elton;Corrigido de Edna para Elton;Erro;correcao_humana
2026-04-29 14:07:01.404160;ABBOTT: AVARIA - NAZARIA BAHIA - NFO: 580269;Andreani;Sem intervenção;Correto;modelo
2026-04-29 14:07:01.420337;RES: RES: NF 185733 WISDOM    [ ref:!00D1U0Db5p.!500Pn01OqgzN:ref ];Carolina;Sem intervenção;Correto;modelo
2026-04-29 14:07:01.422499;PENDENCIAS DE COLETA ATUALIZADAS TRAGETTA;Andreani;Sem intervenção;Correto;modelo
2026-04-29 14:07:01.443640;RES: Fwd: Empenho 2025NE000833 HU-HUMAP/UFMS [ ref:!00D1U0Db5p.!500Pn01MT6GF:ref ];Carolina;Sem intervenção;Correto;modelo
2026-04-29 14:07:01.451787;RES: Fwd: Fw: RES: 56627065 - FUND MUNI DE SAUDE DE CASCAVEL;;Humano removeu categoria;Erro;correcao_humana
2026-04-29 14:07:01.470342;RE: Fwd: Fw: RES: 56627065 - FUND MUNI DE SAUDE DE CASCAVEL;;Humano removeu categoria;Erro;correcao_humana
2026-04-29 14:07:01.486866;RE: Fwd: Fw: RES: 56627065 - FUND MUNI DE SAUDE DE CASCAVEL;;Humano removeu categoria;Erro;correcao_humana
2026-04-29 14:07:01.503600;Re: RES: ENC: OC 555758/555494 ABBOTT - HPj - FATURAR EM ABRIL;;Humano removeu categoria;Erro;correcao_humana
2026-04-29 14:07:32.790776;RES: OCORRÊNCIA  NF 190075-FUNDO MUNICIPAL DE SAUDE DE FLORIAN FLORIANOPOLIS - SC;Andreani;Sem intervenção;Correto;modelo
2026-04-29 14:07:32.813582;ENC: DPSP - NF 189494 / 189508 - Barrar entrega - URGENTE ;Andreani;Sem intervenção;Correto;modelo
2026-04-29 14:07:32.832090;RE: PENDENCIAS DE COLETA ATUALIZADAS TRAGETTA;Andreani;Sem intervenção;Correto;modelo
2026-04-29 14:07:32.835292;ABBOTT: AVARIA - NAZARIA BAHIA - NFO: 580078;Andreani;Sem intervenção;Correto;modelo
2026-04-29 14:07:32.851073;DPSP - NF 189494 / 189508 - Barrar entrega - URGENTE ;Andreani;Sem intervenção;Correto;modelo
2026-04-29 14:07:32.868681; TRACKING  ABBOTT- COLETA REVERSA E DEVOLUÇÃO   29/04/2026;Edna;Corrigido de Cleberson para Edna;Erro;correcao_humana
2026-04-29 14:07:32.868681;NF-e 948753 - RBG - PRODUTOS THERAPEUTICOS S/A;Andreani;Sem intervenção;Correto;modelo
2026-04-29 14:07:32.892732;ABBOTT: AVARIA - NAZARIA BAHIA - NFO: 580269;Andreani;Sem intervenção;Correto;modelo
2026-04-29 14:07:32.909608;RES: RES: NF 185733 WISDOM    [ ref:!00D1U0Db5p.!500Pn01OqgzN:ref ];Carolina;Sem intervenção;Correto;modelo
2026-04-29 14:07:32.918438;PENDENCIAS DE COLETA ATUALIZADAS TRAGETTA;Andreani;Sem intervenção;Correto;modelo
2026-04-29 14:07:32.936104;RES: Fwd: Empenho 2025NE000833 HU-HUMAP/UFMS [ ref:!00D1U0Db5p.!500Pn01MT6GF:ref ];Carolina;Sem intervenção;Correto;modelo
2026-04-29 14:07:32.952223;RES: Fwd: Fw: RES: 56627065 - FUND MUNI DE SAUDE DE CASCAVEL;;Humano removeu categoria;Erro;correcao_humana
2026-04-29 14:07:32.974748;RE: Fwd: Fw: RES: 56627065 - FUND MUNI DE SAUDE DE CASCAVEL;;Humano removeu categoria;Erro;correcao_humana
2026-04-29 14:07:32.990051;RE: Fwd: Fw: RES: 56627065 - FUND MUNI DE SAUDE DE CASCAVEL;;Humano removeu categoria;Erro;correcao_humana
2026-04-29 14:07:33.005419;Re: RES: ENC: OC 555758/555494 ABBOTT - HPj - FATURAR EM ABRIL;;Humano removeu categoria;Erro;correcao_humana
2026-04-29 16:07:01.108209;Re: RES: Deliveries VAS;Andreani;Score forte 200;Categorizado;modelo
2026-04-29 16:07:01.256300;RES: Deliveries VAS;Carolina;Score forte 280;Categorizado;modelo
2026-04-29 16:07:01.386102;Re: NE 2025/006045 - PROCESSO Nº 2025/2824059 - FORNECEDOR: ENDOCENTER;Carolina;Score fraco 270;Categorizado;modelo
2026-04-29 16:07:01.510787;RE: Retirada PMRP;Andreani;Sem evidência;Categorizado;modelo
2026-04-29 16:07:01.649529;PENDENCIA DEVOLUÇÃO ABBOTT  |  NF 574329;Andreani;Sem evidência;Categorizado;modelo
2026-04-29 16:07:01.786465;RES: Pré-alerta Atualizado de Cargas Abbott - 29.04.2026 - Alterar bloqueio;Elton;Score fraco 280;Categorizado;modelo
2026-04-29 16:07:01.841956;RE: Notas Em Aberto - Medical 23/04;Edna;Score fraco 300;Categorizado;modelo
2026-04-29 16:07:01.892997;RES: Notas Em Aberto - Medical 23/04 - Desconhecimento da Operação ;Edna;Score fraco 300;Categorizado;modelo
2026-04-29 16:07:01.959270;Devolução ISR50637 - DASA LEME SALVADOR;Leonardo;Score forte 170;Categorizado;modelo
2026-04-29 16:07:02.012221;Re: RES: Deliveries VAS;Andreani;Score forte 200;Categorizado;modelo
2026-04-29 16:07:02.070226;RES: Deliveries VAS;Elton;Score forte 280;Categorizado;modelo
2026-04-29 16:07:02.131617;RES: OCORRÊNCIA  NF 190075-FUNDO MUNICIPAL DE SAUDE DE FLORIAN FLORIANOPOLIS - SC;Edna;Corrigido de Andreani para Edna;Erro;correcao_humana
2026-04-29 16:07:02.146139;ENC: DPSP - NF 189494 / 189508 - Barrar entrega - URGENTE ;Edna;Corrigido de Andreani para Edna;Erro;correcao_humana
2026-04-29 16:07:02.173276;DPSP - NF 189494 / 189508 - Barrar entrega - URGENTE ;Edna;Corrigido de Andreani para Edna;Erro;correcao_humana
2026-04-29 16:07:02.196867;RES: Fwd: Fw: RES: 56627065 - FUND MUNI DE SAUDE DE CASCAVEL;;Humano removeu categoria;Erro;correcao_humana
2026-04-29 16:07:02.232950;RE: Fwd: Fw: RES: 56627065 - FUND MUNI DE SAUDE DE CASCAVEL;;Humano removeu categoria;Erro;correcao_humana
2026-04-29 16:07:02.249988;RE: Fwd: Fw: RES: 56627065 - FUND MUNI DE SAUDE DE CASCAVEL;;Humano removeu categoria;Erro;correcao_humana
2026-04-29 16:07:02.262522;Re: RES: ENC: OC 555758/555494 ABBOTT - HPj - FATURAR EM ABRIL;;Humano removeu categoria;Erro;correcao_humana
2026-04-29 16:07:57.302290;Re: RES: Deliveries VAS;Andreani;Sem intervenção;Correto;modelo
2026-04-29 16:07:57.315822;RES: Deliveries VAS;Carolina;Sem intervenção;Correto;modelo
2026-04-29 16:07:57.339613;Re: NE 2025/006045 - PROCESSO Nº 2025/2824059 - FORNECEDOR: ENDOCENTER;Carolina;Sem intervenção;Correto;modelo
2026-04-29 16:07:57.356596;RE: Retirada PMRP;Andreani;Sem intervenção;Correto;modelo
2026-04-29 16:07:57.367510;PENDENCIA DEVOLUÇÃO ABBOTT  |  NF 574329;Andreani;Sem intervenção;Correto;modelo
2026-04-29 16:07:57.387571;RES: Pré-alerta Atualizado de Cargas Abbott - 29.04.2026 - Alterar bloqueio;Elton;Sem intervenção;Correto;modelo
2026-04-29 16:07:57.397352;RE: Notas Em Aberto - Medical 23/04;Edna;Sem intervenção;Correto;modelo
2026-04-29 16:07:57.406389;RES: Notas Em Aberto - Medical 23/04 - Desconhecimento da Operação ;Edna;Sem intervenção;Correto;modelo
2026-04-29 16:07:57.414917;Devolução ISR50637 - DASA LEME SALVADOR;;Humano removeu categoria;Erro;correcao_humana
2026-04-29 16:07:57.423452;Re: RES: Deliveries VAS;Andreani;Sem intervenção;Correto;modelo
2026-04-29 16:07:57.431974;RES: Deliveries VAS;Elton;Sem intervenção;Correto;modelo
2026-04-29 16:07:57.442604;RES: OCORRÊNCIA  NF 190075-FUNDO MUNICIPAL DE SAUDE DE FLORIAN FLORIANOPOLIS - SC;Edna;Corrigido de Andreani para Edna;Erro;correcao_humana
2026-04-29 16:07:57.451165;ENC: DPSP - NF 189494 / 189508 - Barrar entrega - URGENTE ;Edna;Corrigido de Andreani para Edna;Erro;correcao_humana
2026-04-29 16:07:57.462702;DPSP - NF 189494 / 189508 - Barrar entrega - URGENTE ;Edna;Corrigido de Andreani para Edna;Erro;correcao_humana
2026-04-29 16:07:57.471224;RES: Fwd: Fw: RES: 56627065 - FUND MUNI DE SAUDE DE CASCAVEL;;Humano removeu categoria;Erro;correcao_humana
2026-04-29 16:07:57.482269;RE: Fwd: Fw: RES: 56627065 - FUND MUNI DE SAUDE DE CASCAVEL;;Humano removeu categoria;Erro;correcao_humana
2026-04-29 16:07:57.493585;RE: Fwd: Fw: RES: 56627065 - FUND MUNI DE SAUDE DE CASCAVEL;;Humano removeu categoria;Erro;correcao_humana
2026-04-29 16:07:57.506051;Re: RES: ENC: OC 555758/555494 ABBOTT - HPj - FATURAR EM ABRIL;;Humano removeu categoria;Erro;correcao_humana
2026-04-29 16:18:56.333722;RES: Deliveries VAS;Carolina;Sem intervenção;Correto;modelo
2026-04-29 16:18:56.337742;Re: NE 2025/006045 - PROCESSO Nº 2025/2824059 - FORNECEDOR: ENDOCENTER;Carolina;Sem intervenção;Correto;modelo
2026-04-29 16:18:56.347866;RE: Retirada PMRP;;Humano removeu categoria;Erro;correcao_humana
2026-04-29 16:18:56.363535;RES: Pré-alerta Atualizado de Cargas Abbott - 29.04.2026 - Alterar bloqueio;Elton;Sem intervenção;Correto;modelo
2026-04-29 16:18:56.370696;RE: Notas Em Aberto - Medical 23/04;Edna;Sem intervenção;Correto;modelo
2026-04-29 16:18:56.370696;RES: Notas Em Aberto - Medical 23/04 - Desconhecimento da Operação ;Edna;Sem intervenção;Correto;modelo
2026-04-29 16:18:56.387407;Devolução ISR50637 - DASA LEME SALVADOR;;Humano removeu categoria;Erro;correcao_humana
2026-04-29 16:18:56.387407;RES: Deliveries VAS;Elton;Sem intervenção;Correto;modelo
2026-04-29 16:18:56.402913;RES: OCORRÊNCIA  NF 190075-FUNDO MUNICIPAL DE SAUDE DE FLORIAN FLORIANOPOLIS - SC;Edna;Corrigido de Andreani para Edna;Erro;correcao_humana
2026-04-29 16:18:56.402913;ENC: DPSP - NF 189494 / 189508 - Barrar entrega - URGENTE ;Edna;Corrigido de Andreani para Edna;Erro;correcao_humana
2026-04-29 16:18:56.418653;DPSP - NF 189494 / 189508 - Barrar entrega - URGENTE ;Edna;Corrigido de Andreani para Edna;Erro;correcao_humana
2026-04-29 16:18:56.420679;RES: Fwd: Fw: RES: 56627065 - FUND MUNI DE SAUDE DE CASCAVEL;;Humano removeu categoria;Erro;correcao_humana
2026-04-29 16:18:56.434210;RE: Fwd: Fw: RES: 56627065 - FUND MUNI DE SAUDE DE CASCAVEL;;Humano removeu categoria;Erro;correcao_humana
2026-04-29 16:18:56.438210;RE: Fwd: Fw: RES: 56627065 - FUND MUNI DE SAUDE DE CASCAVEL;;Humano removeu categoria;Erro;correcao_humana
2026-04-29 16:18:56.449876;Re: RES: ENC: OC 555758/555494 ABBOTT - HPj - FATURAR EM ABRIL;;Humano removeu categoria;Erro;correcao_humana
2026-04-29 16:19:18.535302;RE: Retirada PMRP;;Humano removeu categoria;Erro;correcao_humana
2026-04-29 16:19:18.536300;RES: Pré-alerta Atualizado de Cargas Abbott - 29.04.2026 - Alterar bloqueio;Edna;Corrigido de Elton para Edna;Erro;correcao_humana
2026-04-29 16:19:18.550888;RE: Notas Em Aberto - Medical 23/04;Edna;Sem intervenção;Correto;modelo
2026-04-29 16:19:18.556632;RES: Notas Em Aberto - Medical 23/04 - Desconhecimento da Operação ;Edna;Sem intervenção;Correto;modelo
2026-04-29 16:19:18.567194;Devolução ISR50637 - DASA LEME SALVADOR;;Humano removeu categoria;Erro;correcao_humana
2026-04-29 16:19:18.567194;RES: Deliveries VAS;Elton;Sem intervenção;Correto;modelo
2026-04-29 16:19:18.587490;RES: OCORRÊNCIA  NF 190075-FUNDO MUNICIPAL DE SAUDE DE FLORIAN FLORIANOPOLIS - SC;Edna;Corrigido de Andreani para Edna;Erro;correcao_humana
2026-04-29 16:19:18.597021;ENC: DPSP - NF 189494 / 189508 - Barrar entrega - URGENTE ;Edna;Corrigido de Andreani para Edna;Erro;correcao_humana
2026-04-29 16:19:18.606736;DPSP - NF 189494 / 189508 - Barrar entrega - URGENTE ;Edna;Corrigido de Andreani para Edna;Erro;correcao_humana
2026-04-29 16:19:18.617183;RES: Fwd: Fw: RES: 56627065 - FUND MUNI DE SAUDE DE CASCAVEL;;Humano removeu categoria;Erro;correcao_humana
2026-04-29 16:19:18.628228;RE: Fwd: Fw: RES: 56627065 - FUND MUNI DE SAUDE DE CASCAVEL;;Humano removeu categoria;Erro;correcao_humana
2026-04-29 16:19:18.636674;RE: Fwd: Fw: RES: 56627065 - FUND MUNI DE SAUDE DE CASCAVEL;;Humano removeu categoria;Erro;correcao_humana
2026-04-29 16:19:18.649946;Re: RES: ENC: OC 555758/555494 ABBOTT - HPj - FATURAR EM ABRIL;;Humano removeu categoria;Erro;correcao_humana
2026-04-29 16:22:05.074233;Notas AG. D.U 29/04/2026;Andreani;Score forte 220;Categorizado;modelo
2026-04-29 16:22:05.099450;RE: Retirada PMRP;;Humano removeu categoria;Erro;correcao_humana
2026-04-29 16:22:05.109147;RES: Pré-alerta Atualizado de Cargas Abbott - 29.04.2026 - Alterar bloqueio;Edna;Corrigido de Elton para Edna;Erro;correcao_humana
2026-04-29 16:22:05.121280;RE: Notas Em Aberto - Medical 23/04;Edna;Sem intervenção;Correto;modelo
2026-04-29 16:22:05.131020;RES: Notas Em Aberto - Medical 23/04 - Desconhecimento da Operação ;Edna;Sem intervenção;Correto;modelo
2026-04-29 16:22:05.142505;Devolução ISR50637 - DASA LEME SALVADOR;;Humano removeu categoria;Erro;correcao_humana
2026-04-29 16:22:05.148818;RES: OCORRÊNCIA  NF 190075-FUNDO MUNICIPAL DE SAUDE DE FLORIAN FLORIANOPOLIS - SC;Edna;Corrigido de Andreani para Edna;Erro;correcao_humana
2026-04-29 16:22:05.168039;ENC: DPSP - NF 189494 / 189508 - Barrar entrega - URGENTE ;Edna;Corrigido de Andreani para Edna;Erro;correcao_humana
2026-04-29 16:22:05.174999;DPSP - NF 189494 / 189508 - Barrar entrega - URGENTE ;Edna;Corrigido de Andreani para Edna;Erro;correcao_humana
2026-04-29 16:22:05.184020;RES: Fwd: Fw: RES: 56627065 - FUND MUNI DE SAUDE DE CASCAVEL;Edna;Sem intervenção;Correto;modelo
2026-04-29 16:22:05.190868;RE: Fwd: Fw: RES: 56627065 - FUND MUNI DE SAUDE DE CASCAVEL;Edna;Sem intervenção;Correto;modelo
2026-04-29 16:22:05.196478;RE: Fwd: Fw: RES: 56627065 - FUND MUNI DE SAUDE DE CASCAVEL;Edna;Sem intervenção;Correto;modelo
2026-04-29 16:22:05.206552;Re: RES: ENC: OC 555758/555494 ABBOTT - HPj - FATURAR EM ABRIL;;Humano removeu categoria;Erro;correcao_humana
2026-04-29 16:23:57.977341;RE: Retirada PMRP;;Humano removeu categoria;Erro;correcao_humana
2026-04-29 16:23:57.994046;RES: Pré-alerta Atualizado de Cargas Abbott - 29.04.2026 - Alterar bloqueio;Edna;Corrigido de Elton para Edna;Erro;correcao_humana
2026-04-29 16:23:58.009807;RE: Notas Em Aberto - Medical 23/04;Edna;Sem intervenção;Correto;modelo
2026-04-29 16:23:58.021429;RES: Notas Em Aberto - Medical 23/04 - Desconhecimento da Operação ;Edna;Sem intervenção;Correto;modelo
2026-04-29 16:23:58.029152;Devolução ISR50637 - DASA LEME SALVADOR;;Humano removeu categoria;Erro;correcao_humana
2026-04-29 16:23:58.044116;RES: OCORRÊNCIA  NF 190075-FUNDO MUNICIPAL DE SAUDE DE FLORIAN FLORIANOPOLIS - SC;Edna;Corrigido de Andreani para Edna;Erro;correcao_humana
2026-04-29 16:23:58.053660;ENC: DPSP - NF 189494 / 189508 - Barrar entrega - URGENTE ;Edna;Corrigido de Andreani para Edna;Erro;correcao_humana
2026-04-29 16:23:58.064658;DPSP - NF 189494 / 189508 - Barrar entrega - URGENTE ;Edna;Corrigido de Andreani para Edna;Erro;correcao_humana
2026-04-29 16:23:58.073359;RES: Fwd: Fw: RES: 56627065 - FUND MUNI DE SAUDE DE CASCAVEL;Edna;Sem intervenção;Correto;modelo
2026-04-29 16:23:58.083193;RE: Fwd: Fw: RES: 56627065 - FUND MUNI DE SAUDE DE CASCAVEL;Edna;Sem intervenção;Correto;modelo
2026-04-29 16:23:58.093218;RE: Fwd: Fw: RES: 56627065 - FUND MUNI DE SAUDE DE CASCAVEL;Edna;Sem intervenção;Correto;modelo
2026-04-29 17:32:14.428934;Nova solicitação no sharepoint;Andreani;Sem evidência;Categorizado;modelo
2026-04-29 17:32:14.461899;RES: DPSP - NF 189494 / 189508 - Barrar entrega - URGENTE;Andreani;Sem evidência;Categorizado;modelo
2026-04-29 17:32:14.513121;DASHBOARD 29/04/2026;Andreani;Score fraco 220;Categorizado;modelo
2026-04-29 17:32:14.546002;RE: RES: OCORRÊNCIA  NF 190075-FUNDO MUNICIPAL DE SAUDE DE FLORIAN FLORIANOPOLIS - SC;Andreani;Sem evidência;Categorizado;modelo
2026-04-29 17:32:14.579753;RE: Retirada PMRP;;Humano removeu categoria;Erro;correcao_humana
2026-04-29 17:32:14.584741;Devolução ISR50637 - DASA LEME SALVADOR;;Humano removeu categoria;Erro;correcao_humana
2026-04-29 17:34:05.460751;DASHBOARD 29/04/2026;Elton;Corrigido de Andreani para Elton;Erro;correcao_humana
2026-04-29 17:34:05.475848;RE: Retirada PMRP;;Humano removeu categoria;Erro;correcao_humana
2026-04-29 17:34:05.484630;Devolução ISR50637 - DASA LEME SALVADOR;;Humano removeu categoria;Erro;correcao_humana
2026-04-29 17:38:23.931154;RE: Retirada PMRP;Edna;Corrigido de Andreani para Edna;Erro;correcao_humana
2026-04-29 17:38:23.945626;Devolução ISR50637 - DASA LEME SALVADOR;Edna;Corrigido de Leonardo para Edna;Erro;correcao_humana
2026-04-29 17:47:14.846578;RE: CONSOLIDADO - AGENDAMENTO DE COLETA - ABBOTT VENCIDOS - 27.03.2026;Carolina;Score forte 270;Categorizado;modelo
2026-04-29 18:09:56.790972;Status Devolução / Recusa ABBOTT (ADD/AMD/ADC) - 29/ABRIL/2026.;Edna;Score forte 160;Categorizado;modelo
2026-04-29 18:09:56.836513;RES: DPSP - NF 189494 / 189508 - Barrar entrega - URGENTE;Andreani;Sem evidência;Categorizado;modelo
2026-04-29 19:52:38.742250;Status Devolução / Recusa ABBOTT (ADD/AMD/ADC) - 29/ABRIL/2026.,Edna,Score forte 160,Categorizado,modelo;;;;
2026-04-29 20:49:51.450092;Fechamento do Mês -  Faturamento CN - Abr - 2026;Andreani;Sem evidência;Categorizado;modelo
2026-04-29 20:49:51.490589;Job - Geração Automática Faturamento - Desabilitar schedule   Matriz e Filial  - Ticket Number INC4983788 - Abril -2026;Andreani;Sem evidência;Categorizado;modelo
2026-04-29 22:18:14.280781;RE: Job - Geração Automática Faturamento - Desabilitar schedule   Matriz e Filial  - Ticket Number INC4983788 - Abril -2026;Andreani;Sem evidência;Categorizado;modelo
2026-04-29 22:18:14.430312;Fechamento do Mês -  Faturamento CN - Abr - 2026;Andreani;Sem intervenção;Correto;modelo
2026-04-29 22:18:14.475805;Job - Geração Automática Faturamento - Desabilitar schedule   Matriz e Filial  - Ticket Number INC4983788 - Abril -2026;Andreani;Sem intervenção;Correto;modelo
2026-04-30 09:08:08.456191;RE: MALOTE ABBOTT 30/04/2026 ;Andreani;Score forte 150;Categorizado;modelo
2026-04-30 09:08:08.538636;RES: Validar notas recebidas;Elton;Score fraco 150;Categorizado;modelo
2026-04-30 09:08:08.607598;MALOTE ABBOTT 30/04/2026 ;Andreani;Score forte 150;Categorizado;modelo
2026-04-30 09:08:08.683415;RE: [Ação Requerida] - Solicitação de upload de NFD;Andreani;Sem evidência;Categorizado;modelo
2026-04-30 09:08:08.821460;Anomalia Pedido 0531066778/ NF 187553;Andreani;Sem evidência;Categorizado;modelo
2026-04-30 09:08:08.922288;SANTA CRUZ – ABATIMENTO NO ATO – ABBOTT 30/04/2026;Edna;Score forte 120;Categorizado;modelo
2026-04-30 09:08:09.067917;PANPHARMA – ABATIMENTO NO ATO – ABBOTT 30/04/2026;Edna;Score forte 120;Categorizado;modelo
2026-04-30 09:16:46.169285;RE: [Ação Requerida] - Solicitação de upload de NFD;Carolina;Corrigido de Andreani para Carolina;Erro;correcao_humana
2026-04-30 09:16:46.195448;Anomalia Pedido 0531066778/ NF 187553;Edna;Corrigido de Andreani para Edna;Erro;correcao_humana
2026-04-30 10:44:17.327999;RES: : Acompanhamento - Processos prioritários -Bomi Itajaí - ATA/ ;Elton;Score fraco 150;Categorizado;modelo
2026-04-30 10:44:17.381559;RES: Deliveries VAS;Elton;Score fraco 150;Categorizado;modelo
2026-04-30 10:44:17.434789;RE: Processo troca em garantia Mouse  URGENTE ;Cleberson;Score forte 150;Categorizado;modelo
2026-04-30 10:44:17.537946;: Acompanhamento - Processos prioritários -Bomi Itajaí - ATA/ ;Elton;Score fraco 150;Categorizado;modelo
2026-04-30 10:44:17.583206;RES: Produtos Avariados - Devolução Abbott NF 577552 - URGENTE;Carolina;Score fraco 150;Categorizado;modelo
2026-04-30 10:44:17.645284;RES: ENC: REEMBOLSO REF. DEVOLUÇÕES DE COMPRAS - UNI HOSPITALAR CEARÁ LTDA - ABBOTT [ ref:!00D1U0Db5p.!500Kk04MQvM:ref ];Elton;Score fraco 150;Categorizado;modelo
2026-04-30 10:44:17.699402;RE: COBRANÇA DEVOLUÇÕES - ABBOTT LABORATORIOS DO BRASI_APDR_eEL22921;Edna;Score forte 150;Categorizado;modelo
2026-04-30 10:44:17.740795;RES: Problema com o portal ABBOT;Andreani;Sem evidência;Categorizado;modelo
2026-04-30 10:44:17.782481;RES: ENC: RES: [TICKET#1035517] Entrega de material errado Cinco Cirurgica;Carolina;Score fraco 150;Categorizado;modelo
2026-04-30 10:44:17.819269;RES: Pré-alerta Atualizado de Cargas Abbott - 29.04.2026 - Alterar bloqueio;Edna;Aprendido por assunto;Categorizado;modelo
2026-04-30 10:44:17.854240;RES: Produtos Avariados - Devolução Abbott NF 577552 - URGENTE;Carolina;Score fraco 150;Categorizado;modelo
2026-04-30 10:48:46.122026;RES: : Acompanhamento - Processos prioritários -Bomi Itajaí - ATA/ ;Elton;Sem intervenção;Correto;modelo
2026-04-30 10:48:46.142196;RES: Deliveries VAS;Elton;Sem intervenção;Correto;modelo
2026-04-30 10:48:46.164515;RE: Processo troca em garantia Mouse  URGENTE ;Cleberson;Sem intervenção;Correto;modelo
2026-04-30 10:48:46.191121;: Acompanhamento - Processos prioritários -Bomi Itajaí - ATA/ ;Elton;Sem intervenção;Correto;modelo
2026-04-30 10:48:46.212758;RES: Produtos Avariados - Devolução Abbott NF 577552 - URGENTE;Carolina;Sem intervenção;Correto;modelo
2026-04-30 10:48:46.232837;RES: ENC: REEMBOLSO REF. DEVOLUÇÕES DE COMPRAS - UNI HOSPITALAR CEARÁ LTDA - ABBOTT [ ref:!00D1U0Db5p.!500Kk04MQvM:ref ];Elton;Sem intervenção;Correto;modelo
2026-04-30 10:48:46.255688;RE: COBRANÇA DEVOLUÇÕES - ABBOTT LABORATORIOS DO BRASI_APDR_eEL22921;Edna;Sem intervenção;Correto;modelo
2026-04-30 10:48:46.273766;RES: Problema com o portal ABBOT;Carolina;Corrigido de Andreani para Carolina;Erro;correcao_humana
2026-04-30 10:48:46.291847;RES: ENC: RES: [TICKET#1035517] Entrega de material errado Cinco Cirurgica;Carolina;Sem intervenção;Correto;modelo
2026-04-30 10:48:46.309776;RES: Pré-alerta Atualizado de Cargas Abbott - 29.04.2026 - Alterar bloqueio;Edna;Sem intervenção;Correto;modelo
2026-04-30 10:48:46.331609;RES: Produtos Avariados - Devolução Abbott NF 577552 - URGENTE;Carolina;Sem intervenção;Correto;modelo
2026-04-30 10:49:57.822811;RES: : Acompanhamento - Processos prioritários -Bomi Itajaí - ATA/ ;Elton;Sem intervenção;Correto;modelo
2026-04-30 10:49:57.845011;RES: Deliveries VAS;Elton;Sem intervenção;Correto;modelo
2026-04-30 10:49:57.869890;RE: Processo troca em garantia Mouse  URGENTE ;Cleberson;Sem intervenção;Correto;modelo
2026-04-30 10:49:57.896528;: Acompanhamento - Processos prioritários -Bomi Itajaí - ATA/ ;Elton;Sem intervenção;Correto;modelo
2026-04-30 10:49:57.916931;RES: Produtos Avariados - Devolução Abbott NF 577552 - URGENTE;Carolina;Sem intervenção;Correto;modelo
2026-04-30 10:49:57.935013;RES: ENC: REEMBOLSO REF. DEVOLUÇÕES DE COMPRAS - UNI HOSPITALAR CEARÁ LTDA - ABBOTT [ ref:!00D1U0Db5p.!500Kk04MQvM:ref ];Elton;Sem intervenção;Correto;modelo
2026-04-30 10:49:57.954097;RE: COBRANÇA DEVOLUÇÕES - ABBOTT LABORATORIOS DO BRASI_APDR_eEL22921;Edna;Sem intervenção;Correto;modelo
2026-04-30 10:49:57.974179;RES: Problema com o portal ABBOT;Carolina;Corrigido de Andreani para Carolina;Erro;correcao_humana
2026-04-30 10:49:57.994535;RES: ENC: RES: [TICKET#1035517] Entrega de material errado Cinco Cirurgica;Edna;Corrigido de Carolina para Edna;Erro;correcao_humana
2026-04-30 10:49:58.016136;RES: Pré-alerta Atualizado de Cargas Abbott - 29.04.2026 - Alterar bloqueio;Edna;Sem intervenção;Correto;modelo
2026-04-30 10:49:58.038770;RES: Produtos Avariados - Devolução Abbott NF 577552 - URGENTE;Carolina;Sem intervenção;Correto;modelo
2026-04-30 11:00:54.314747;Re: RES: ENC: RES: [TICKET#1035517] Entrega de material errado Cinco Cirurgica;Edna;Score forte 210;Categorizado;modelo
2026-04-30 11:00:54.383993;RES: ERRO APRESENTADO NA DELIVERY 528710162;Shirley;Score forte 150;Categorizado;modelo
2026-04-30 11:00:54.477762;RES: [Ação Requerida] - Solicitação de upload de NFD;Carolina;Score forte 150;Categorizado;modelo
2026-04-30 11:00:54.566577;RES: Deliveries VAS;Carolina;Corrigido de Elton para Carolina;Erro;correcao_humana
2026-04-30 11:00:54.582088;RES: ENC: REEMBOLSO REF. DEVOLUÇÕES DE COMPRAS - UNI HOSPITALAR CEARÁ LTDA - ABBOTT [ ref:!00D1U0Db5p.!500Kk04MQvM:ref ];Edna;Corrigido de Elton para Edna;Erro;correcao_humana
2026-04-30 11:18:11.267087;Nova solicitação no sharepoint;Andreani;Sem evidência;Categorizado;modelo
2026-04-30 11:21:15.899719;RES: ABBOTT/ FALTA INTERNA;Carolina;Score fraco 150;Categorizado;modelo
2026-04-30 11:38:17.579586;RES: Notas AG. D.U 29/04/2026;Edna;Score fraco 150;Categorizado;modelo
2026-04-30 13:27:52.963290;  CRA Devolução de Equipamento Abbott:  NF 53475;Andreani;Sem evidência;Categorizado;modelo
2026-04-30 13:27:53.024439;RE: ENC: ocorrencia abbott levantamento1006 - CAJ_FALTA FORNECEDOR_04F064F_131 unidades_570185    [ ref:!00D1U0Db5p.!500Pn0wMEff:ref ];Carolina;Score fraco 150;Categorizado;modelo
2026-04-30 13:27:53.075429;Re: RES: RES: ENC: RES: [TICKET#1035517] Entrega de material errado Cinco Cirurgica;Edna;Score forte 210;Categorizado;modelo
2026-04-30 13:27:53.113698;RES: RES: ENC: RES: [TICKET#1035517] Entrega de material errado Cinco Cirurgica;Edna;Score forte 210;Categorizado;modelo
2026-04-30 13:27:53.157361;RES: RES: ENC: RES: [TICKET#1035517] Entrega de material errado Cinco Cirurgica;Edna;Score forte 210;Categorizado;modelo
2026-04-30 13:27:53.196192;RE: Notas AG. D.U 29/04/2026;Edna;Score fraco 150;Categorizado;modelo
2026-04-30 13:27:53.229818;Acompanhamento - Processos prioritarios -Bomi Itajaí - ATA;Elton;Aprendido por assunto;Categorizado;modelo
2026-04-30 13:27:53.272218;RES: RES: RES: RES: RES: RES: ENTREGA DA NF 163585  - DIVERGENCIA    [ ref:!00D1U0Db5p.!500Pn0zSmmZ:ref ];Carolina;Score forte 150;Categorizado;modelo
2026-04-30 13:28:59.022007;  CRA Devolução de Equipamento Abbott:  NF 53475;Shirley;Corrigido de Andreani para Shirley;Erro;correcao_humana
2026-04-30 13:28:59.027079;RE: ENC: ocorrencia abbott levantamento1006 - CAJ_FALTA FORNECEDOR_04F064F_131 unidades_570185    [ ref:!00D1U0Db5p.!500Pn0wMEff:ref ];Carolina;Sem intervenção;Correto;modelo
2026-04-30 13:28:59.041423;RES: RES: RES: RES: RES: RES: ENTREGA DA NF 163585  - DIVERGENCIA    [ ref:!00D1U0Db5p.!500Pn0zSmmZ:ref ];Carolina;Sem intervenção;Correto;modelo
2026-04-30 14:39:22.911247;Re: RES: Recebimento de CK com validade curta sem autorização [ ref:!00D1U0Db5p.!500Pn01OOEEr:ref ];Carolina;Score forte 150;Categorizado;modelo
2026-04-30 14:39:22.946703;FW: Ajuda - NF 678706 remessa para conserto Airzap;Andreani;Sem evidência;Categorizado;modelo
2026-04-30 14:39:22.990856;Férias Re: RES: RES: Recebimento de CK com validade curta sem autorização [ ref:!00D1U0Db5p.!500Pn01OOEEr:ref ];Andreani;Sem evidência;Categorizado;modelo
2026-04-30 14:39:23.040322;RE: Ajuda - NF 678706 remessa para conserto Airzap;Andreani;Sem evidência;Categorizado;modelo
2026-04-30 15:56:12.907176;RES: Transferência - Guilherme Luis;Carolina;Score forte 150;Categorizado;modelo
2026-04-30 15:56:12.944732;Fwd: NE 2025/006045 - PROCESSO Nº 2025/2824059 - FORNECEDOR: ENDOCENTER;Andreani;Sem evidência;Categorizado;modelo
2026-04-30 15:56:12.994423; TRACKING  ABBOTT- COLETA REVERSA E DEVOLUÇÃO   30/04/2026;Cleberson;Score fraco 80;Categorizado;modelo
2026-04-30 15:56:13.041315;RES: CRÉDITO DE DEVOLUÇÃO - ABBOTT;Andreani;Sem evidência;Categorizado;modelo
2026-04-30 15:56:13.107228;RES: CRÉDITO DE DEVOLUÇÃO - ABBOTT LABORATORIOS DO BRASIL LTDA;Andreani;Sem evidência;Categorizado;modelo
2026-04-30 15:56:13.173531;RE: Transferência - Guilherme Luis;Carolina;Score forte 150;Categorizado;modelo
2026-04-30 15:56:13.256691;RE: RES: RES: RES: RES: RES: ENTREGA DA NF 163585  - DIVERGENCIA    [ ref:!00D1U0Db5p.!500Pn0zSmmZ:ref ];Carolina;Score fraco 150;Categorizado;modelo
2026-04-30 15:56:13.327927;ABBOTT: AVARIA - NAZARIA BAHIA - NFO: 580497;Andreani;Sem evidência;Categorizado;modelo
